culture,dataset_tag,n_nuclei,dl_mean,dl_std,dl_median,culture_dl_bin,fold
01B_Day00.tif,Day00,206,0.061719363370190336,0.0740006484417618,0.0531818711901281,0,0
09B_Day01.tif,Day01,322,0.0834866714359308,0.0670901487513091,0.0666627135361598,1,0
14B_Day02.tif,Day02,497,0.8315165486419525,0.049296886709947495,0.8374261592244678,3,0
17B_Day02.tif,Day02,841,0.8554624658113347,0.055687384848292165,0.8602252426495846,4,0
27B_Day04.tif,Day04,736,0.9463250351107141,0.06584817064323183,0.9512044771503723,4,0
SA_20210810_04B_EndPoint.tif,EndPoint,904,0.07428768557287832,0.10271566982193875,0.059581739251266946,0,0
SA_20210810_10B_EndPoint.tif,EndPoint,341,0.09893378421441426,0.1669690423220344,0.0598223460759991,1,0
SA_20210810_18B_EndPoint.tif,EndPoint,752,0.6389691733504398,0.1429842025467708,0.656012851555273,2,0
SA_20210810_22B_EndPoint.tif,EndPoint,712,0.6392599949102569,0.139153540777764,0.658036683714371,2,0
SA_20210810_29B_EndPoint.tif,EndPoint,1403,0.7506503035132577,0.19338032392598556,0.8021655933484478,3,0
02B_Day00.tif,Day00,424,0.06264181187809115,0.0539913751367974,0.0557232743662585,0,1
05B_Day01.tif,Day01,292,0.07879222410283536,0.08592795697267858,0.06564665822674495,0,1
16B_Day02.tif,Day02,945,0.8392624209694227,0.06321853079017567,0.8478358563280879,3,1
23B_Day03.tif,Day03,461,0.859446996915849,0.07643735616651205,0.8591565721642086,4,1
29B_Day04.tif,Day04,790,0.9576647743421719,0.059428855718894044,0.964148032331509,4,1
SA_20210810_06B_EndPoint.tif,EndPoint,319,0.12835671591918382,0.20102261696013268,0.0566481721622147,2,1
SA_20210810_09B_EndPoint.tif,EndPoint,260,0.101823438104991,0.16546677387310263,0.059290949091321196,1,1
SA_20210810_12B_EndPoint.tif,EndPoint,327,0.10937455915152744,0.18267359779871475,0.0606577982269947,1,1
SA_20210810_20B_EndPoint.tif,EndPoint,948,0.6467327370532796,0.14759116557080737,0.666946413677159,2,1
SA_20210810_27B_EndPoint.tif,EndPoint,1231,0.8107073739037719,0.15916751323843464,0.8421104569225494,3,1
01A_Day00.tif,Day00,256,0.08530232732028409,0.03391813881377986,0.0802736650196645,1,2
10B_Day01.tif,Day01,347,0.07741574106986401,0.07130641146341929,0.0650157742028632,0,2
15B_Day02.tif,Day02,742,0.7937631095063036,0.06646330891519714,0.7992681458044524,3,2
28B_Day04.tif,Day04,728,0.94076613908772,0.05731576043826859,0.9416355601732984,4,2
30B_Day04.tif,Day04,582,0.9284544207158892,0.049061704160100306,0.9280941353526324,4,2
SA_20210810_02B_EndPoint.tif,EndPoint,1063,0.07995442914848237,0.08737122941351703,0.0669139826350043,0,2
SA_20210810_14B_EndPoint.tif,EndPoint,337,0.12068024564589512,0.1889212545135188,0.0652958817646909,2,2
SA_20210810_16B_EndPoint.tif,EndPoint,856,0.6592128936716106,0.12264654076127614,0.6733205258257238,2,2
SA_20210810_24B_EndPoint.tif,EndPoint,1402,0.8240411649276482,0.1913213825569486,0.8646759351504991,3,2
07B_Day01.tif,Day01,332,0.06495713589172686,0.05071895687704345,0.0580935555249687,0,3
12B_Day02.tif,Day02,661,0.8124470377043679,0.06656518173985956,0.8215279608057021,3,3
13B_Day02.tif,Day02,650,0.8258890558266168,0.04839391100477118,0.8295222097019863,3,3
21B_Day03.tif,Day03,387,0.8557300765396714,0.08681244555882495,0.8694524981010636,4,3
26B_Day04.tif,Day04,765,0.9821494112780578,0.040111356441680214,0.9984308054179468,4,3
SA_20210810_03B_EndPoint.tif,EndPoint,920,0.07264659932106574,0.08933469033126172,0.0619470097952156,0,3
SA_20210810_08B_EndPoint.tif,EndPoint,221,0.09786755532239398,0.1577333439250902,0.0569712212086641,1,3
SA_20210810_13B_EndPoint.tif,EndPoint,285,0.11370034068756688,0.1908178335280522,0.062149194015659,1,3
SA_20210810_15B_EndPoint.tif,EndPoint,1021,0.64988826310421,0.14467435823390254,0.6672001628644592,2,3
SA_20210810_17B_EndPoint.tif,EndPoint,883,0.6741676949249075,0.1230297540036155,0.6853048206023735,2,3
03B_Day00.tif,Day00,318,0.04307588053571584,0.04626169017431535,0.03924430696317875,0,4
06B_Day01.tif,Day01,346,0.07056518439661408,0.026412406858122243,0.0647296320833262,0,4
08B_Day01.tif,Day01,360,0.08042930124470397,0.07202251562217812,0.0654984762918941,1,4
19B_Day03.tif,Day03,537,0.8983924412898252,0.04578408352278661,0.9046905958983804,4,4
22B_Day03.tif,Day03,809,0.8558982050174123,0.07814011713138445,0.8670687706975745,4,4
SA_20210810_11B_EndPoint.tif,EndPoint,287,0.08434250762285321,0.14423151618827545,0.0604904750232947,1,4
SA_20210810_21B_EndPoint.tif,EndPoint,932,0.6542390047863925,0.13715706013989395,0.6723238930849541,2,4
SA_20210810_23B_EndPoint.tif,EndPoint,924,0.6480324524857255,0.15112606899237993,0.6862507271069106,2,4
SA_20210810_26B_EndPoint.tif,EndPoint,1215,0.799534707512957,0.16385743087810015,0.8357639255260011,3,4
