delta,confounder,model,n,rho,p_descriptive,abs_rho
D01-D00,contrast_std_median,M1,6,0.08571428571428573,0.8717434402332361,0.08571428571428573
D01-D00,contrast_std_median,M2,6,0.028571428571428574,0.9571545189504373,0.028571428571428574
D01-D00,contrast_std_median,M3,6,-0.7714285714285715,0.07239650145772594,0.7714285714285715
D01-D00,contrast_std_median,M4,6,-0.3714285714285715,0.4684781341107872,0.3714285714285715
D01-D00,tenengrad_norm_median,M1,6,0.08571428571428573,0.8717434402332361,0.08571428571428573
D01-D00,tenengrad_norm_median,M2,6,0.028571428571428574,0.9571545189504373,0.028571428571428574
D01-D00,tenengrad_norm_median,M3,6,0.028571428571428574,0.9571545189504373,0.028571428571428574
D01-D00,tenengrad_norm_median,M4,6,0.3714285714285715,0.4684781341107872,0.3714285714285715
D01-D00,spots_per_frame_median,M1,6,-0.5428571428571429,0.26570262390670546,0.5428571428571429
D01-D00,spots_per_frame_median,M2,6,-0.3714285714285715,0.4684781341107872,0.3714285714285715
D01-D00,spots_per_frame_median,M3,6,0.7142857142857143,0.11078717201166179,0.7142857142857143
D01-D00,spots_per_frame_median,M4,6,0.6,0.208,0.6
D01-D00,n_spots,M1,6,-0.5428571428571429,0.26570262390670546,0.5428571428571429
D01-D00,n_spots,M2,6,-0.3714285714285715,0.4684781341107872,0.3714285714285715
D01-D00,n_spots,M3,6,0.7142857142857143,0.11078717201166179,0.7142857142857143
D01-D00,n_spots,M4,6,0.6,0.208,0.6
D02-D01,contrast_std_median,M1,6,-0.48571428571428577,0.3287230320699708,0.48571428571428577
D02-D01,contrast_std_median,M2,6,-0.5428571428571429,0.26570262390670546,0.5428571428571429
D02-D01,contrast_std_median,M3,6,-0.14285714285714288,0.7871720116618076,0.14285714285714288
D02-D01,contrast_std_median,M4,6,0.5428571428571429,0.26570262390670546,0.5428571428571429
D02-D01,tenengrad_norm_median,M1,6,-0.2571428571428572,0.6227871720116619,0.2571428571428572
D02-D01,tenengrad_norm_median,M2,6,0.2571428571428572,0.6227871720116619,0.2571428571428572
D02-D01,tenengrad_norm_median,M3,6,-0.6571428571428573,0.1561749271137024,0.6571428571428573
D02-D01,tenengrad_norm_median,M4,6,0.3714285714285715,0.4684781341107872,0.3714285714285715
D02-D01,spots_per_frame_median,M1,6,-0.48571428571428577,0.3287230320699708,0.48571428571428577
D02-D01,spots_per_frame_median,M2,6,0.028571428571428574,0.9571545189504373,0.028571428571428574
D02-D01,spots_per_frame_median,M3,6,-0.3142857142857143,0.5440932944606415,0.3142857142857143
D02-D01,spots_per_frame_median,M4,6,0.8285714285714287,0.04156268221574335,0.8285714285714287
D02-D01,n_spots,M1,6,-0.48571428571428577,0.3287230320699708,0.48571428571428577
D02-D01,n_spots,M2,6,0.028571428571428574,0.9571545189504373,0.028571428571428574
D02-D01,n_spots,M3,6,-0.3142857142857143,0.5440932944606415,0.3142857142857143
D02-D01,n_spots,M4,6,0.8285714285714287,0.04156268221574335,0.8285714285714287
D02-D00,contrast_std_median,M1,6,0.3142857142857143,0.5440932944606415,0.3142857142857143
D02-D00,contrast_std_median,M2,6,0.2571428571428572,0.6227871720116619,0.2571428571428572
D02-D00,contrast_std_median,M3,6,-0.3142857142857143,0.5440932944606415,0.3142857142857143
D02-D00,contrast_std_median,M4,6,0.7142857142857143,0.11078717201166179,0.7142857142857143
D02-D00,tenengrad_norm_median,M1,6,-0.942857142857143,0.004804664723032055,0.942857142857143
D02-D00,tenengrad_norm_median,M2,6,-0.7714285714285715,0.07239650145772594,0.7714285714285715
D02-D00,tenengrad_norm_median,M3,6,-0.08571428571428573,0.8717434402332361,0.08571428571428573
D02-D00,tenengrad_norm_median,M4,6,-0.028571428571428574,0.9571545189504373,0.028571428571428574
D02-D00,spots_per_frame_median,M1,6,0.14285714285714288,0.7871720116618076,0.14285714285714288
D02-D00,spots_per_frame_median,M2,6,0.7714285714285715,0.07239650145772594,0.7714285714285715
D02-D00,spots_per_frame_median,M3,6,-0.14285714285714288,0.7871720116618076,0.14285714285714288
D02-D00,spots_per_frame_median,M4,6,0.48571428571428577,0.3287230320699708,0.48571428571428577
D02-D00,n_spots,M1,6,0.3714285714285715,0.4684781341107872,0.3714285714285715
D02-D00,n_spots,M2,6,0.7714285714285715,0.07239650145772594,0.7714285714285715
D02-D00,n_spots,M3,6,-0.2,0.7040000000000001,0.2
D02-D00,n_spots,M4,6,0.6571428571428573,0.1561749271137024,0.6571428571428573
