fold,model,n,r2,mae,rmse,pearson,spearman
0,M0_RF,6714,0.4635828198377203,0.19537268888512255,0.2519180971610649,0.685934274190958,0.5507455507315876
0,M1_ResNet18_DL,6714,0.49351228989064355,0.19952107863537027,0.24478933002176836,0.7121943021821451,0.6561274408274284
0,M2_ResNet18_multitask,6714,0.5500020951362377,0.18844569781721163,0.23073489184202578,0.7637112389083691,0.6862789712201417
0,M3_ConvNeXt_multitask,6714,0.7861567334668011,0.09178636648844443,0.15905811002476117,0.8908459175583395,0.7927841070579575
0,M4_DINOv2_Ridge,6714,0.5431724860360003,0.18259018460334925,0.23247922772090204,0.7389454679379693,0.6599108385711124
1,M0_RF,5997,0.23883529094280898,0.24408709435582718,0.30895221247539295,0.5043867175322629,0.4928161112076123
1,M1_ResNet18_DL,5997,0.35087713598917236,0.23415842245130847,0.28530897975382474,0.6334873439129316,0.6104642197242562
1,M2_ResNet18_multitask,5997,0.43262844558650426,0.21030021171614255,0.2667385381252481,0.6677131914672846,0.65580410181421
1,M3_ConvNeXt_multitask,5997,0.5421457457877024,0.1564035990171729,0.23961588985890608,0.7727473481982036,0.7472861726627414
1,M4_DINOv2_Ridge,5997,0.37955083442734205,0.22971690960252356,0.2789363347376715,0.6201256308595499,0.5919585177739015
2,M0_RF,6313,0.3869926694468846,0.22317429024443425,0.2903851437945691,0.6229497626422527,0.5439125987177477
2,M1_ResNet18_DL,6313,0.3679011325597412,0.2566636143287511,0.2948723602534524,0.6556533994986788,0.5891267108951083
2,M2_ResNet18_multitask,6313,0.568021765707862,0.19461217479873374,0.24376564158626007,0.7710281740119197,0.7568546351370032
2,M3_ConvNeXt_multitask,6313,0.8025440317643122,0.10631391856523775,0.16480739411227696,0.9063132490606175,0.8533008020452078
2,M4_DINOv2_Ridge,6313,0.5033819381048601,0.2140355926634453,0.2613682411253892,0.7120955324942981,0.7001753209847471
3,M0_RF,6125,0.20945323244039682,0.24246353873742715,0.3103978993330354,0.47098371188354,0.3892446506840736
3,M1_ResNet18_DL,6125,0.4946803351824689,0.19283285169056458,0.24816360507716495,0.7241177575544059,0.630212952725675
3,M2_ResNet18_multitask,6125,0.4575211801137713,0.20622780230927804,0.25712623053520245,0.6900748107222827,0.5950544898111497
3,M3_ConvNeXt_multitask,6125,0.7438441850720909,0.11155413307054825,0.17668801813065432,0.8630360404483749,0.7542599963514438
3,M4_DINOv2_Ridge,6125,0.5253927781936482,0.19207287403612103,0.24050392088667163,0.725589011792291,0.631145972717538
4,M0_RF,5728,-0.17413920927924287,0.27043359569232595,0.35335201194214105,0.13968109091700542,0.14351123789000572
4,M1_ResNet18_DL,5728,0.2841062423798639,0.21885463517848236,0.27591293478363155,0.5343452783982177,0.3974070103502011
4,M2_ResNet18_multitask,5728,0.17634770532421407,0.24203136095374422,0.2959509437710215,0.48686024628045255,0.36043478286557984
4,M3_ConvNeXt_multitask,5728,0.5336336569942199,0.14492046414880358,0.22269546502098259,0.7435139959039172,0.5987335572054147
4,M4_DINOv2_Ridge,5728,0.23943340653750045,0.2342363724616767,0.2843913585198902,0.5135300572981543,0.37895741159413865
