uncertainty_decile,n,uncertainty_mean,uncertainty_median,mae,median_abs_error
1,3088,0.01218964572429854,0.012727282745252397,0.045622390714671626,0.026772978000000003
2,3088,0.019872780523599122,0.019898587245230928,0.05934922318613789,0.03408657400000009
3,3087,0.0254421566434542,0.025487625790183367,0.06747671211429285,0.04048244000000001
4,3088,0.030479546400679403,0.030450520622875652,0.07177690720429455,0.04693670299999991
5,3088,0.03626450008266057,0.03628310486571111,0.08533572754848173,0.05615154731000005
6,3087,0.04293140593283531,0.04279918016022969,0.09166261720824231,0.0582415879999999
7,3088,0.05246446338937324,0.05218928773949909,0.10965484493469625,0.07002383200000006
8,3087,0.06906771472327287,0.06830616421229582,0.14413110037524812,0.09170088600000015
9,3088,0.10396388297190169,0.10265390008584233,0.2080764261786279,0.148609797
10,3088,0.18640463050588807,0.17565454219498652,0.28535818964758913,0.2670808305
